{
  "type": "Topology",
  "transform": {
    "scale": [0.008601310256108004, 0.004682199177404307],
    "translate": [-179.10051840518403, 18.93]
  },
  "arcs": [
    [
      [2733, 258],
      [44, -30],
      [45, -115],
      [-52, -38],
      [-45, -75],
      [-28, 32],
      [-16, 149],
      [52, 77]
    ],
    [
      [12422, 4743],
      [-13, -55],
      [-189, -64],
      [32, 64],
      [126, 23],
      [44, 32]
    ],
    [
      [11773, 3255],
      [-20, -58],
      [-69, -4],
      [-40, -51],
      [-30, -99],
      [-93, -121],
      [-56, -30],
      [-71, -156],
      [-47, -177],
      [0, -77],
      [37, -205],
      [66, -210],
      [-18, -34],
      [81, -316],
      [-7, -228],
      [-37, -141],
      [-77, 17]
    ],
    [
      [11392, 1365],
      [-30, 111],
      [-39, 30],
      [-41, 190],
      [-35, 8],
      [-28, 137]
    ],
    [
      [11219, 1841],
      [-24, 60],
      [20, 226],
      [-47, 62],
      [-74, 158],
      [-76, 32],
      [-65, -72],
      [-50, -9],
      [-44, 103],
      [-105, 53],
      [-122, -36],
      [-32, 36],
      [-63, -21],
      [-45, 21],
      [-153, -86],
      [97, -36],
      [-88, -81]
    ],
    [
      [10348, 2251],
      [-71, -75],
      [-73, 37],
      [-35, 94],
      [-53, 8],
      [-27, -49],
      [-109, 53],
      [-102, -27],
      [-60, -45],
      [-110, -148],
      [-65, -34],
      [-84, -96],
      [-35, -66],
      [-38, -218],
      [31, -179],
      [-106, 17],
      [-111, 77],
      [-41, 136],
      [-7, 114],
      [-40, 44],
      [-109, 312],
      [-71, 105],
      [-103, 30],
      [-46, -37],
      [-50, -153],
      [-109, 72],
      [-54, 66],
      [-41, 191],
      [-58, 68],
      [-118, 190],
      [-212, 6],
      [0, -96],
      [-332, 0],
      [-193, 111],
      [-238, 137],
      [7, 47],
      [-279, -38],
      [-44, 173],
      [-121, 149],
      [-32, -6],
      [-96, 87],
      [-97, 7],
      [-46, 207],
      [-47, 51],
      [-79, 194],
      [20, 52],
      [-71, 79],
      [1, 94],
      [-68, 138],
      [-89, 141],
      [-6, 161],
      [-72, 160],
      [40, 207],
      [-41, 269],
      [-16, 38],
      [40, 174],
      [39, 536],
      [-15, 175],
      [-77, 207],
      [-1, 92],
      [85, -47],
      [133, -17],
      [27, -79]
    ],
    [
      [6573, 6147],
      [41, 59],
      [-63, 214],
      [292, 0],
      [358, 0],
      [179, 0],
      [333, 0],
      [306, 0],
      [204, 0],
      [435, 0],
      [307, 0],
      [434, 0],
      [358, 0],
      [162, -100],
      [61, 23],
      [230, -122],
      [128, 13],
      [98, -30],
      [115, 69],
      [402, -297],
      [37, -96],
      [112, -73],
      [1, -64],
      [124, -113],
      [44, -372],
      [-46, -205],
      [-62, -60],
      [2, -98],
      [71, -38],
      [136, 115],
      [120, 34],
      [143, 92],
      [-17, 141],
      [56, 36],
      [217, 0],
      [46, 101],
      [126, 153],
      [51, 41],
      [396, 0],
      [17, 58],
      [61, 10],
      [60, 116],
      [35, 177],
      [86, 158],
      [44, -53],
      [69, 38],
      [56, -62],
      [5, -267],
      [93, -213],
      [-214, -107],
      [-31, -58],
      [-106, -38],
      [-66, -120],
      [-29, -92],
      [8, -139],
      [40, -106],
      [-127, -79],
      [-162, -24],
      [-89, -53],
      [-64, -79],
      [24, -52],
      [-24, -160],
      [-101, -186],
      [-33, -147],
      [-51, 0],
      [-52, -53],
      [-17, -139],
      [45, -58],
      [6, -158],
      [26, -102],
      [-98, -124],
      [-39, -81],
      [-90, -77],
      [-19, -45]
    ],
    [
      [1783, 7716],
      [61, -81],
      [-104, -13],
      [43, 94]
    ],
    [
      [5567, 7904],
      [33, -64],
      [-35, -94],
      [-67, 52],
      [16, 85],
      [53, 21]
    ],
    [
      [5291, 7992],
      [47, -4],
      [141, -242],
      [-71, -53],
      [-37, 70],
      [-44, 190],
      [-36, 39]
    ],
    [
      [5271, 8148],
      [92, -32],
      [5, -62],
      [-81, -43],
      [-16, 137]
    ],
    [
      [5079, 8227],
      [67, -41],
      [23, -98],
      [-85, 6],
      [-5, 133]
    ],
    [
      [3093, 8325],
      [18, -102],
      [-171, -99],
      [-84, 5],
      [-9, 115],
      [104, 79],
      [142, 2]
    ],
    [
      [5045, 8393],
      [91, -42],
      [10, -94],
      [-177, 53],
      [1, 77],
      [75, 6]
    ],
    [
      [1511, 8855],
      [61, -94],
      [-77, -30],
      [-103, 40],
      [119, 84]
    ],
    [
      [1123, 9489],
      [-16, -68],
      [-175, 85]
    ],
    [
      [932, 9506],
      [-9, 36]
    ],
    [
      [923, 9542],
      [100, 20],
      [100, -73]
    ],
    [
      [1487, 10091],
      [185, 82],
      [106, 2],
      [5, -103],
      [213, -11],
      [80, 107],
      [-52, 105],
      [-233, 15],
      [-53, 111],
      [-250, 145],
      [7, 122],
      [220, 13],
      [143, 98],
      [19, 85],
      [127, 107],
      [117, 13],
      [181, 88],
      [146, 17],
      [142, 100],
      [199, -34],
      [114, -77],
      [222, 6],
      [101, -83],
      [234, 17],
      [248, -72],
      [159, 0],
      [145, -41],
      [143, 28],
      [273, -99],
      [2, -591],
      [0, -436],
      [0, -404],
      [0, -561],
      [211, -54],
      [221, -230],
      [93, 55],
      [25, 79],
      [91, 37],
      [64, -111],
      [123, -114],
      [214, -365],
      [-9, -36],
      [199, -158],
      [47, -180],
      [-43, -79],
      [-65, -23],
      [2, 203],
      [-34, 47],
      [-87, -2],
      [-3, 85],
      [-147, 173],
      [-53, 132],
      [-93, 120],
      [-95, -21],
      [-84, 30],
      [-125, 0],
      [-137, 147],
      [-172, 100],
      [-175, 64],
      [-13, 39],
      [-165, 17],
      [-130, -24],
      [-152, 79],
      [-217, 139],
      [-136, -60],
      [35, -49],
      [-79, -126],
      [-80, 13],
      [-182, -154],
      [-115, 116],
      [56, 96],
      [78, 213],
      [-118, -74],
      [-69, -90],
      [-42, -117],
      [-166, -137],
      [80, -120],
      [-78, -53],
      [-14, -73],
      [-73, -23],
      [-172, -131],
      [-20, -79],
      [-163, -85],
      [-62, -66],
      [-10, -73],
      [-119, -25],
      [-130, -90],
      [-241, -111],
      [-36, 36],
      [96, 126],
      [129, 56],
      [253, 188],
      [146, 153],
      [27, 203],
      [-315, 77],
      [-28, 41],
      [-134, -96],
      [-48, 111],
      [31, 79],
      [-57, 109],
      [-164, -45],
      [-57, 6],
      [-68, 101],
      [-87, 53],
      [97, 58],
      [-119, 68],
      [-56, 145],
      [202, 301],
      [151, -36],
      [91, 92],
      [127, 4],
      [49, 66],
      [-55, 126],
      [7, 114],
      [-166, -92],
      [-124, 17],
      [-157, -30],
      [-135, 28],
      [-66, 162],
      [-154, 53],
      [206, 126]
    ]
  ],
  "objects": {
    "land": {
      "type": "GeometryCollection",
      "geometries": [{
        "arcs": [
          [
            [0]
          ],
          [
            [1]
          ],
          [
            [2, 3, 4, 5, 6]
          ],
          [
            [7]
          ],
          [
            [8]
          ],
          [
            [9]
          ],
          [
            [10]
          ],
          [
            [11]
          ],
          [
            [12]
          ],
          [
            [13]
          ],
          [
            [14]
          ],
          [
            [15, 16, 17]
          ],
          [
            [18]
          ]
        ],
        "type": "MultiPolygon"
      }]
    }
  }
}
